id,text,created_at,state,county,city
1384649190538551297,"They didn‚Äôt give out stickers but I had to make my status known somehow, right? #vaxxed #vaxxedgirlsummer‚Ä¶ https://t.co/FMSdd9kFjX",2021-04-20 23:24:27,Colorado,None,None
1384628698838552584,"Who's got two thumbs &amp; is fully vaccinated?
This girl! 
#covidvacccinated #getvaccinatedyoufilthyanimals‚Ä¶ https://t.co/5hpZuQNG5w",2021-04-20 22:03:01,Connecticut,New London County,New London
1384623297669779472,I‚Äôm immune bitches. #ThisIsOurShot #VAXXED https://t.co/1Rm1fA8Dq8,2021-04-20 21:41:33,Massachusetts,Suffolk County,Boston
1384622782869385219,2 for 2! Get ‚Äòer done! All boxes checked. #vaxxed up in this biatch! I have seen crazy gains in my cell phone cover‚Ä¶ https://t.co/YrffM2mVez,2021-04-20 21:39:31,Nevada,Clark County,Las Vegas
1384606277154791425,"‚ÄúThe good thing about science is that it‚Äôs true whether or not you believe in it‚Äù  - @neildegrassetyson 

#vaxxedüíâ‚Ä¶ https://t.co/zFMPsa0kV6",2021-04-20 20:33:55,District of Columbia,District of Columbia,Washington
1384603318106812423,You‚Äôre telling me I waited all this time for a needle and I didn‚Äôt even get a piercing out of it? ü§î #Vaxxed https://t.co/0MnGCobDQB,2021-04-20 20:22:10,California,Alameda County,Oakland
1384598459492179969,Done with #2. Still will be masking and playing it safe! #vaxxed https://t.co/q9BqKsLG9V,2021-04-20 20:02:51,California,Los Angeles County,Los Angeles
1384586909335400453,I got my #vaxxpass laminated yesterday LOL #vaxxed,2021-04-20 19:16:58,District of Columbia,District of Columbia,Washington
1384586249797832731,"2nd dose: ‚úÖ
Mami is now fully vaccinated. Sorry, not sorry, Rona. ü§£ #covidvacccine #vaccinationdone‚úîÔ∏è #moderna‚Ä¶ https://t.co/d4BsuB3mfB",2021-04-20 19:14:20,North Carolina,Cumberland County,Fayetteville
1384583152639873027,"They Get #Taxed, but Not #Vaxxed https://t.co/95G3jLISt7 @theatlantic https://t.co/3vTDjClAEk",2021-04-20 19:02:02,Pennsylvania,Philadelphia County,Philadelphia
1384577106743603205,#Vaxxed in Atlantic City https://t.co/0JkZiCoEEC,2021-04-20 18:38:01,New Jersey,Monmouth County,Freehold
1384564629330923526,This lady has two doses of the #covid #vaccine !!! FINALLY! #teacher #vaxxed https://t.co/Y1sZt10d6E,2021-04-20 17:48:26,Connecticut,None,None
1384564225020936192,#babyyoda keeping us safe as we head out to visit our son #familytime #vaxxedüíâ @lifeissnacks @tomhoebbel https://t.co/8PJPRYfG8f,2021-04-20 17:46:49,New York,Tompkins County,Ithaca
1384556367390908419,Got #vaxxed today. Now I can go back to licking door handles at convenience stores. #vaccine #peaceofmind,2021-04-20 17:15:36,New Jersey,None,None
1384551794169327616,Fully #vaxxed. https://t.co/MLA8MHIMSo,2021-04-20 16:57:26,Ohio,Hamilton County,Cincinnati
1384551672010223619,"I‚Äôm fully vaccinated! üí™üèæ 
#moderna #SecondShot #vaxxed #LetsBeatCovid",2021-04-20 16:56:56,Florida,Miami-Dade County,Miami
1384548403238031364,second pfizer dose today #vaxxed #420 https://t.co/otDPzYVp7Z,2021-04-20 16:43:57,Wisconsin,Milwaukee County,Milwaukee
1384544897043214338,No panic attack but the worker did have to ask me for my name 3 times before I was able to muster an answer üò≠ she‚Äôs‚Ä¶ https://t.co/2fRx8QT2cs,2021-04-20 16:30:01,New York,Kings County,Brooklyn
1384543723216850946,": What a little prick...

#fuckcovid19 #vaxxed https://t.co/g6vzzvaTkc",2021-04-20 16:25:21,California,None,None
1384516167767822343,So I‚Äôm #vaxxedüíâ does that make me a #vaxinista ? https://t.co/5jBivGXV0P,2021-04-20 14:35:52,Georgia,Fulton County,Atlanta
1384515172929351682,For 4/20 I got litty off the Pfizer #vaxxed,2021-04-20 14:31:54,Missouri,St Louis City,St Louis
1384480884632391681,"@_drazzari It‚Äôs a huge problem, that‚Äôs why this isn‚Äôt going away anytime soon unfortunately. Relieved that our whol‚Ä¶ https://t.co/meMZDZkFOP",2021-04-20 12:15:39,California,None,None
1384364411410866177,Colton Berrett &amp; his mother were interviewed on the bus tour of #Vaxxed I. Colton suffered severe injuries due to t‚Ä¶ https://t.co/GrlB8gDYoe,2021-04-20 04:32:50,None,None,None
1384325713130491908,"World Press Photo of Year: 

This #COVID19 hug from S√£o Paulo sez so much &amp; we still have a long way to go, Friends‚Ä¶ https://t.co/vUFW6ZA8ZH",2021-04-20 01:59:04,Tennessee,Davidson County,Nashville
1384312148470366208,If you don‚Äôt post your #covidvacccine card to social media does the vaccine still work? üòÇ #vaxxedüíâ https://t.co/KzW65ZpvJ2,2021-04-20 01:05:10,Massachusetts,Hampden County,Springfield
1384311007841980418,Today all members of my family in 3 states are vaccinated. The crushing anxiety of the last year has subsided and I‚Ä¶ https://t.co/luVoB6cPHJ,2021-04-20 01:00:38,Texas,Travis County,Austin
1384301822488109062,Obligatory #vaxxed picture https://t.co/Bhf75RSfy2,2021-04-20 00:24:08,New York,Queens County,Queens
1384299254131224576,Getting to see people I haven‚Äôt seen in literally over a year is the brightest light in life in awhile. #vaxxed,2021-04-20 00:13:55,None,None,None
1384282304550342660,Obligatory Vaccination Card Selfie Post. #Vax #Vaccine #vaxxedüíâ https://t.co/0EDLAr499U,2021-04-19 23:06:34,None,None,None
1384266891053568000,@BethanyClough haha‚Ä¶. no. Everyone is masked and spaced and 1/3 are online still. We should be unmasked in a couple‚Ä¶ https://t.co/9bIcvPgriH,2021-04-19 22:05:19,California,Fresno County,Fresno
1384264344981049346,"First Pfizer shot in. The Oakland Coliseum FEMA run vaccination center is very efficient, I was in and out within m‚Ä¶ https://t.co/IfSTgl4ZI7",2021-04-19 21:55:12,California,San Mateo County,South San Francisco
1384263207561228290,not sure it actually works unless you post? at least that's what I hear? #teampfizer #covidvacccine #vaxxedüíâ @ Cala‚Ä¶ https://t.co/GwoXVl3dDJ,2021-04-19 21:50:41,South Carolina,Horry County,North Myrtle Beach
1384243144984727554,"Vaccinated.
#vaxxed #wecandothis 

I am so glad we had the opportunity. I am more glad that most of my family has g‚Ä¶ https://t.co/1bNCGAw0fC",2021-04-19 20:30:58,Oregon,Multnomah County,Portland
1384226590352048131,"DC Marijuana Justice group has rolled 4,200 joints to distribute on 4/20 for those who can prove they‚Äôve been‚Ä¶ https://t.co/kgLt2s7PPb",2021-04-19 19:25:11,District of Columbia,District of Columbia,Washington
1384217597428715524,"The New Divide. 

#vaccines #VaxXed #Covishield #COVID19 #healthcare #BigPharma https://t.co/NikEB1Xwjk",2021-04-19 18:49:27,Arizona,None,None
1384212725463543820,"@Dark_Link_1996 Both U #TOOL &amp;My STRONG immune system fought it off,NOT the ton of #bigPharma #VAXXED I was tricked‚Ä¶ https://t.co/3gQPEZVZ6j",2021-04-19 18:30:05,None,None,None
1384208970261307410,"As of today, it's been two weeks since my 2nd vax shot. Here's my obligatory #vaxxed selfie, wearing my early birth‚Ä¶ https://t.co/hUNAgsGETv",2021-04-19 18:15:10,Georgia,Fulton County,Atlanta
1384203130938658821,"I got my 2nd vaccine dose on Friday and my side effects were minimal. Friday, I felt fine but on Saturday I had a l‚Ä¶ https://t.co/2JkbSotKJA",2021-04-19 17:51:58,District of Columbia,District of Columbia,Washington
1384193455732105216,"Fully #vaxxed. Thanks, @POTUS",2021-04-19 17:13:31,New York,None,None
1384188436676956160,"My 2nd dose of the Pfizer vaccine has been injected.
#vaxxed https://t.co/sKDGuwTVGy",2021-04-19 16:53:34,Tennessee,Davidson County,Nashville
1384187745912774662,A little upset about the timing of corporate daddy stab. Same day i become eligible and cdc goes and pauses it?!? W‚Ä¶ https://t.co/CePReNDSSz,2021-04-19 16:50:50,Pennsylvania,None,None
1384181495070289928,Hard not to feel an overwhelming sense of jubilation #vaxxed #dosed,2021-04-19 16:25:59,Colorado,Denver County,Denver
1384110910835335171,"@tonyposnanski I prefer the hospital elevator buttons now that I'm fully #Vaxxed as they have a nice, piquant after‚Ä¶ https://t.co/qpWvxhcbvA",2021-04-19 11:45:31,Massachusetts,None,None
1383953671730302976,#VaxBecause I miss going to CONCERTS!!! For the love of God! I miss going to concerts. #VaxXed #nin https://t.co/Tz2cZtYaLI,2021-04-19 01:20:42,Florida,None,None
1383907458209308682,"@RevDaniel Boom! #vaxxed

*Yes it is emotional. That feeling was me in December. Now I‚Äôm just giddy at all the vaxx‚Ä¶ https://t.co/f6pUoG5h4q",2021-04-18 22:17:04,Georgia,None,None
1383906668736520193,@emrazz BUT ITS NOT COVID BOOM #vaxxed,2021-04-18 22:13:56,Georgia,None,None
1383897482946514944,Three million lives lost. It's time to end covid. #vaccine #stopthespread #killthevirus #getvaccinated‚Ä¶ https://t.co/3iy7DhvTmU,2021-04-18 21:37:26,Washington,King County,Seattle
1383897386536239104,Only 1/3 of #evangelical #christians plan to get #vaxxed. I feel pretty confident that #Jesus would get vaxxed. You‚Ä¶ https://t.co/k6EdDIJQGI,2021-04-18 21:37:03,District of Columbia,District of Columbia,Washington
1383871986221260816,Woke up today and the fog from getting vaccinated on Thursday finally lifted. What an experience this has been. Not‚Ä¶ https://t.co/tBxpvS7jcs,2021-04-18 19:56:07,California,None,None
1383821091513135104,Shot number 2 is politely kicking my ass rn. Would still do it all over again. #Vaxxed,2021-04-18 16:33:53,Tennessee,Knox County,Knoxville
1383796611910754315,"Rob and I got our second shot 24 hours ago. We were told to hydrate and move our arms, so we did. No side effects.‚Ä¶ https://t.co/mPvow0FO2t",2021-04-18 14:56:36,New York,None,None
1383662067375243268,"üìπ 15 minutes y‚Äôall‚Ä¶ #teampfizer #covidvaccine #vaccine #vaccinated #vaxxed #thankyou (at Moscone Center, San Franci‚Ä¶ https://t.co/pPpmFBBjHD",2021-04-18 06:01:58,California,San Mateo County,South San Francisco
1383661500900929536,"üì∑ 15 minutes y‚Äôall ‚Ä¶.#teampfizer #covidvaccine #vaccine #vaccinated #vaxxed #thankyou (at Moscone Center, San Franc‚Ä¶ https://t.co/wzgs91dnr4",2021-04-18 05:59:43,California,San Mateo County,South San Francisco
1383659816720080899,"üì∑ We are back for more! #teampfizer #covidvaccine #vaccine #vaccinated #vaxxed (at Moscone Center, San Francisco, C‚Ä¶ https://t.co/3QE2JVXmos",2021-04-18 05:53:02,California,San Mateo County,South San Francisco
1383659808444731397,"We are back for more! #teampfizer #covidvaccine #vaccine #vaccinated #vaxxed @ Moscone Center, San Francisco, CA https://t.co/hAxVZjRdgu",2021-04-18 05:53:00,California,San Francisco County,None
1383564938698838019,Outdoor cocktailing. Finally #vaxxed https://t.co/wanIj4DiRE,2021-04-17 23:36:01,California,None,None
1383552491850125317,"I‚Äôm 2 weeks post 2nd vaccine. Daughter got 2nd yesterday. Minimal side effects. However, when we both get in the ca‚Ä¶ https://t.co/SU9UTd6mcR",2021-04-17 22:46:33,West Virginia,None,None
1383550410296758280,"Forever #grateful to @dollyparton for many things, not the least of which is providing #fashion inspiration for thi‚Ä¶ https://t.co/YcFgPQrrYF",2021-04-17 22:38:17,California,Los Angeles County,Los Angeles
1383527153245978624,"Thanks, science! #TeamModerna #vaxxed #ModernaMob https://t.co/sQJ6ZL0xMe",2021-04-17 21:05:52,New Jersey,None,None
1383522567990890496,I finally got vaccinated! 1st shot of Pfizer üíâ #Vaccinated #COVIDSurvivor #Vaxxed #PfizerGang https://t.co/lLLYqgAIFA,2021-04-17 20:47:39,Florida,Broward County,Hollywood
1383501493655924740,And since I was in the neighborhood I had to stop by @plantpowerfastfood for a vegan shake and some yummies üòÅ‚Ä¶ https://t.co/kTAc8oWuCE,2021-04-17 19:23:54,California,Los Angeles County,Pasadena
1383500167626706949,When @Brooks_UGA talks about planning for 100% capacity for fall footballüòç #vaxxed,2021-04-17 19:18:38,Georgia,Clarke County,Athens
1383495364347535361,I'm rubbing and slapping my arm. Making sure that Pfizer is in there good. #Vaxxed #vaccinated #pfizered,2021-04-17 18:59:33,California,Alameda County,Oakland
1383489541911109640,"Round two, baby. üíâüíâüíâ
üíâ
üíâ
#teammoderna #moderna #vaxxedüíâ #SCIENCE https://t.co/yHFfne1tNh",2021-04-17 18:36:25,West Virginia,Hancock County,Weirton
1383481550277206016,Done. #vaxxedüíâ https://t.co/FfmoHeO2Be https://t.co/mzlmtPCQWg,2021-04-17 18:04:40,Pennsylvania,Allegheny County,Pittsburgh
1383475634307952648,Fully vaxxed! #vaxxed #COVID19Vaccine https://t.co/yo5hfNmvKS,2021-04-17 17:41:09,California,None,None
1383472714422251525,Booop #VaxXed Dose one https://t.co/t0PpmlIBBB,2021-04-17 17:29:33,California,Los Angeles County,Los Angeles
1383468546995277833,Obligatory 2nd jab (ü•ä) photos. #getafterit #vaxxedüíâ #effcovid19 @ Walgreens https://t.co/vB0uZKprc2,2021-04-17 17:12:59,California,San Mateo County,Daly City
1383462712101916691,"They say that surrounding yourself with beautiful people makes you more beautiful. Face masks also help.
üíÑüíÑüíÑ
üßö‚Äç‚ôÄÔ∏è‚Ä¶ https://t.co/VpRPJET0fg",2021-04-17 16:49:48,New York,New York County,Manhattan
1383442187451453453,"Second dose in the üí™üèº! 

Outstanding job by @muschealth and the @northcharleston !

Smooth, quick, and easy process‚Ä¶ https://t.co/mf1Gma7nbz",2021-04-17 15:28:15,South Carolina,Charleston County,North Charleston
1383436672814043150,Now with sequins snd stickers! #vaxxed https://t.co/lkxISw8Fe4,2021-04-17 15:06:20,New York,None,None
1383430619984629772,@Realmommabear I got it ! #VaxXed,2021-04-17 14:42:17,Nevada,None,None
1383423995605778435,"The next time you wake up WITHOUT COVID, thank a #VaxXed person (and God).
üíâüíâüíâüíâüíâüíâüíâüíâüíâüíâ
#GetVaccinated #GetVaxxed https://t.co/tAD8xFGPUs",2021-04-17 14:15:57,Florida,Broward County,Fort Lauderdale
1383393053684027399,First poke. Next morning had some shivers and shakes and my arm‚Äôs just a bit sore. #VaxXed https://t.co/bXzIL1kBQh,2021-04-17 12:13:00,Ohio,Stark County,Canton
1383284450058932227,"Tonight was our first night at a bar, inside, with friends. I‚Äôm so happy I could cry. #VaxXed #PartyUp",2021-04-17 05:01:27,Missouri,None,None
1383276375398699008,DM me if you‚Äôre someone‚Äôs dad and want to spit in my mouth soon. #VaxXed https://t.co/2wG2KA4RlF,2021-04-17 04:29:22,Kansas,None,None
1383274211142033412,"Wait, should we all be getting waxed too? #VaxXed but not #waxed",2021-04-17 04:20:46,California,Los Angeles County,Los Angeles
1383210776924549120,Round 1 complete! #vaxxedüíâ #covidvacccine https://t.co/kXOaEiOk6g,2021-04-17 00:08:42,Florida,Palm Beach County,Palm Beach Gardens
1383200962794328068,"Double tap üíâüíâ Covid vaccination complete!

#covid_19 
#covidvacccine 
#vaccinationdone‚úîÔ∏è 
#vax 
#vaxxedüíâ https://t.co/GAEehRuCFi",2021-04-16 23:29:42,California,San Diego County,Encinitas
1383198020557213697,"fully vaccinated! and now, a nap... #getvaccinated #vaxxedüíâ https://t.co/OwoT9oS0aT",2021-04-16 23:18:01,California,Alameda County,San Leandro
1383185807830319109,"Hi, I felt #pretty today, and also happened upon some impossibly perfect #natural #lighting so #selfie time, obvi‚Ä¶ https://t.co/FvckSTaQMY",2021-04-16 22:29:29,California,Los Angeles County,Los Angeles
1383173977712029698,So excited to share in the excitement of my good friends' Micah Morris &amp; Madeline DiFillippo's #masked #vaxxed wedd‚Ä¶ https://t.co/cGxtmhSaFg,2021-04-16 21:42:29,Maryland,Montgomery County,Bethesda
1383171833088868356,Ended a shitty week on a high note! Let‚Äôs get vaccinated NoDak!#ModernaMadness #VaccinesSaveLives #Vaxxed https://t.co/HVSVEEQEZ7,2021-04-16 21:33:57,North Dakota,Cass County,Fargo
1383167688025919490,"I‚Äôve never been this excited over a tiny prick in my life. One down, one to go. #moderna #RoundOne #vaxxedüíâ @ Chand‚Ä¶ https://t.co/nnGLYvwJlI",2021-04-16 21:17:29,Arizona,Maricopa County,Chandler
1383158345675198471,"Free #VAXXED stuff is adding up.
@MillerLite in with a T-shirt
@budweiserusa =  Beer
@SamuelAdamsBeer = Beer
Nathan‚Ä¶ https://t.co/HYokFxig75",2021-04-16 20:40:22,Pennsylvania,None,None
1383150631079325696,Who else spent way too much at the @Sephora sale because they're planning for after-pandemic partying? #VAXXED‚Ä¶ https://t.co/G1ECTS8l6r,2021-04-16 20:09:42,Maryland,Worcester County,Ocean City
1383146268332003329,On line for Vaccination 2: Electric Boogaloo #VAXXED #electricboogaloo,2021-04-16 19:52:22,Missouri,St Louis City,St Louis
1383143742501224448,I got my second shot today. #Vaxxed #Pfizer #FauciOuchie https://t.co/tQYsMpbxUQ,2021-04-16 19:42:20,Florida,Orange County,Orlando
1383141658833870853,"Walking into the weekend like my second vaccine shot is tomorrow and I'll be fully #vaxxed in two weeks! 

I will s‚Ä¶ https://t.co/FFRdbQwjgr",2021-04-16 19:34:03,Georgia,Fulton County,Atlanta
1383135839450849281,"@Enough_Is_Enuf_ Congrats! You're going to love the the 6G up-grade. 
#VAXXED",2021-04-16 19:10:56,Alabama,None,None
1383131179180826624,2nd Pfizer was easier than the 1st Pfizer which itself was nothing more than a sore arm. #VAXXED #wearamask https://t.co/YmubnfYlXa,2021-04-16 18:52:25,New Jersey,None,None
1383130746857082881,@funder I‚Äôm halfway there! #vaxxed,2021-04-16 18:50:42,Tennessee,None,None
1383128842898853894,Second vax complete #vaxxed,2021-04-16 18:43:08,California,Alameda County,Oakland
1383127254889328644,All #vaxxedüíâ up now. #fauciouchie @lexmed @ Brookland Baptist Church https://t.co/1VtYBi4clb,2021-04-16 18:36:49,South Carolina,Lexington County,West Columbia
1383121820694433797,"Grifters suing grifters. It was fine when Liberty was benefitting from Jerry's monumental grift, but once he humili‚Ä¶ https://t.co/jWSptAkNPY",2021-04-16 18:15:13,California,None,None
1383121532508008457,"Bottom line, if you follow @tedcruz's example of going without a #mask AFTER being #VaxXed, you are a #moron.‚Ä¶ https://t.co/0EaLO8tadv",2021-04-16 18:14:05,California,None,None
1383108551904784384,On Tuesday I received my first ü§ó#COVID19Vaccination #vaxxed #Moderna https://t.co/c4z1hpCx4l,2021-04-16 17:22:30,Massachusetts,None,None
1383101489078366210,"If you haven‚Äôt had to parent during this pandemic, I hope you will listen to today‚Äôs #TheDaily.

And if you‚Äôre full‚Ä¶ https://t.co/jK5FmHDQLm",2021-04-16 16:54:26,Colorado,Moffat County,Craig
1383096691889471491,"Ok I'm getting my first #VAXXED today. Storms coming. Oh fun happy joy joy
 One of THOSE days ...Prob ice arm after‚Ä¶ https://t.co/c3MNiSaQ5c",2021-04-16 16:35:22,None,None,None
1383087620851445762,"Update on my #vaccine side effects: feeling lethargic, arm is a bit sore, slight headache. Similar feelings to when‚Ä¶ https://t.co/kMsr1hGMaE",2021-04-16 15:59:19,Massachusetts,Suffolk County,Boston
1383079979752296458,We‚Äôre so excited to share that our entire team is now fully #vaccinated ü§©üíâ Thank you to all the #healthcareheroes t‚Ä¶ https://t.co/zPjDC6QzXP,2021-04-16 15:28:58,North Carolina,Orange County,Chapel Hill
1383077303312392193,Getting my first dose of the covid vaccine today was exciting for obvious reasons but also really incredible to see‚Ä¶ https://t.co/03iJzIeBEd,2021-04-16 15:18:20,New York,New York County,New York
1383068477691416576,@ramsey I agree with the sentiment but the time scales between those two risks are vastly different.  That being sa‚Ä¶ https://t.co/yl92ad8Pl3,2021-04-16 14:43:15,Georgia,Fulton County,Atlanta
1383047966513053697,#vaxxed and highly favored.,2021-04-16 13:21:45,Maryland,None,None
1382945425066364930,One shot done! #YayScience #vaxxed #CovidVaccine https://t.co/BOo5sxOKYu,2021-04-16 06:34:17,California,Santa Clara County,San Jose
1382931756731404292,"Grateful and ready for the new era.  California, I love you.  #vaxxedüíâ @ CVS Pharmacy https://t.co/f2xJ4L06XX",2021-04-16 05:39:59,California,Los Angeles County,Culver City
1382912292887482369,The last &amp; youngest in the house to get their second shot is feeling it a bit today. I had fever and chills after m‚Ä¶ https://t.co/uaqnDUct8X,2021-04-16 04:22:38,Texas,Collin County,Frisco
1382901382919770114,#vaxxedüíâ and ready to #travel and get back to the ice with my #covid #passport. It‚Äôs as easy as that. #beardedvax @‚Ä¶ https://t.co/YrF0U66xFx,2021-04-16 03:39:17,California,Sonoma County,Forestville
1382854018037342209,Right here my favorite baseball player ever doing the best thing. #vaxxed üíâ https://t.co/TtvLZB7ElE,2021-04-16 00:31:04,Illinois,Cook County,Chicago
1382844106485821441,"If you've gotten #vaxxed &amp; menstruate, has your cycle changed? My boobs hurt like I'm having PMS but I haven't had‚Ä¶ https://t.co/HqQJ67BmO5",2021-04-15 23:51:41,California,Los Angeles County,Hollywood
1382817918635835398,One down wanted to go #vaxxedüíâ https://t.co/rzUnLcd5b2 https://t.co/YYTwejXaMN,2021-04-15 22:07:37,Massachusetts,Suffolk County,Boston
1382808074004672514,bagged tagged and released back into the wild. I‚Äôm filly #VAXXED baby.,2021-04-15 21:28:30,Maryland,None,None
1382802668670705670,Never been so happy to see a little prick. #vaxxed https://t.co/Qt9mH5F7eE,2021-04-15 21:07:02,California,Los Angeles County,Los Angeles
1382793348243619842,It‚Äôs a Beautiful Day to Be Fully Vaccinated! üíâüíâüíâ #vaxupsnoco #itsabeautifuldaytosavelives #fullyvacinnated #vaxxedüíâ‚Ä¶ https://t.co/C7Nl3st6RG,2021-04-15 20:29:59,Washington,King County,Seattle
1382792320932716547,The deed is done. FULLY VACCINATED. Hugs resume for me April 29. #vaxxed #vaccinated https://t.co/soNfosYUXX,2021-04-15 20:25:55,California,None,None
1382785517943627776,Are you even vaccinated until you take a selfie? One step closer to  flying and going to concerts‚úàÔ∏è  üé∂üé∏üï∫#vaxxedüíâ‚Ä¶ https://t.co/P7HgFeH6Ej,2021-04-15 19:58:53,Maryland,Baltimore City,Baltimore
1382758255944929280,It's VAX Day not tax day! 2nd dose done! #vaxxedüíâ #vax #vaxday #2nddoseüíâ #NYC #citifield #ilovenyc #iloveny #pfizer https://t.co/IHrOcT4AeK,2021-04-15 18:10:33,New York,New York County,New York
1382751015582109698,All #vaxxedüíâ up!! Ready for the hugs in a few weeks time! #getyoursnow #·¥†·¥Ä·¥Ñ·¥Ñ…™…¥·¥áss·¥Ä·¥†·¥á ü…™·¥†·¥ás #fuckcovid19‚Ä¶ https://t.co/q2uzP0Cqfe,2021-04-15 17:41:47,Ohio,Mahoning County,Youngstown
1382750908874772481,#seconddose received!! #vaxxed üòÑüòÑ https://t.co/OHsBBKt33Q,2021-04-15 17:41:21,California,None,None
1382724661218316288,"Same same same, JNJ crew built different  #Vaxxed  https://t.co/fYH5cXz8IU",2021-04-15 15:57:03,Massachusetts,Suffolk County,Boston
1382692630732148741,Proudly and happily #VAXXED. Thank you science @pfizer ü§úüèª https://t.co/wnFfxe6qkt,2021-04-15 13:49:47,None,None,None
1382692446442819594,Done. #vaxxed #timetoseemymom https://t.co/1F80YANY0n,2021-04-15 13:49:03,Connecticut,Tolland County,Storrs
1382548971990695936,Vaccinated!!! I was worried at first because of Sinovac's 50% efficacy rate. But new data has shown that Sinovac pr‚Ä¶ https://t.co/0qLvQ1EnCA,2021-04-15 04:18:56,Wisconsin,Richland County,Gotham
1382524852934959105,Fully vaxxed! Now let‚Äôs get a good nights sleep to see if we can ward off side effectsü§ûüèæü§ûüèæü§ûüèæ#moderna‚Ä¶ https://t.co/kIfRIjPkhK,2021-04-15 02:43:05,Virginia,Norfolk City,Norfolk
1382513975649128449,Starting tomorrow I will be attending a few sporting events. Much excite. Big happy. #dodgers #ClipperNation‚Ä¶ https://t.co/nRjTj44oGa,2021-04-15 01:59:52,California,Los Angeles County,Los Angeles
1382478737107689472,#BigPharma #VAXXED #vaccineSideEffects #VaccinesForAfrica=Give them ALL they want &amp; NEED #Vaccines4All‚Ä¶ https://t.co/b35VoktlwC,2021-04-14 23:39:50,None,None,None
1382472352529780741,"One down, one to go #vaxxed https://t.co/6QBLr2mB1s",2021-04-14 23:14:28,Michigan,None,None
1382461752554758144,"To reward us for limiting pollution last year, Mother Nature leveled up on pollen season this year. #IPromiseItsNotCovid #Vaxxed",2021-04-14 22:32:21,Louisiana,East Baton Rouge Parish,Baton Rouge
1382454324744314881,@RhinoShowTV Wait until I'm #vaxxed.,2021-04-14 22:02:50,None,None,None
1382450035766493196,"2nd dose done!
#vaxxed",2021-04-14 21:45:47,Georgia,None,None
1382433034666975232,Good to be #vaxxed https://t.co/XUAs8PlwUH,2021-04-14 20:38:14,Wisconsin,Winnebago County,Neenah
1382430864496152576,‚Äú‚Ä¶ the desperate assumption that somebody... or at least some force - is tending the light at the end of the tunnel‚Ä¶ https://t.co/81RCwX0Aqr,2021-04-14 20:29:37,California,Orange County,Anaheim
1382427857981370368,Gonna be a Pfizer Summer! #Vaxxed https://t.co/n9fB4UVXCi,2021-04-14 20:17:40,California,Los Angeles County,Los Angeles
1382398399576637441,"Got #vaxxed with #JohnsonandJohnson last week. I'd do it again. 1 in a million. 

Birth control pills have substant‚Ä¶ https://t.co/GrMcQq4mlW",2021-04-14 18:20:36,Utah,Salt Lake County,Salt Lake City
1382395244650582022,Never been so excited for a shot before. THANK YOU SCIENCE! #vaxxed #PfizerGang üôåüèº https://t.co/cwoyQWlvTa,2021-04-14 18:08:04,Illinois,Cook County,Chicago
1382395185104101378,"I'm so fucking excited... Get your vaccines when you can!

#covid_19 #covid #covidvacccine #vaxxedüíâ #covid19‚Ä¶ https://t.co/2D8KyUkG7o",2021-04-14 18:07:50,Wisconsin,La Crosse County,La Crosse
1382378572300611587,@ClassicMarshh Tell these babies it's fine and you can do it!!! #VAXXED,2021-04-14 17:01:49,Michigan,None,None
1382371671936491520,"Sorry Miss Rona (oooo), I am, for real. One dose done, going ahead and cry. I won‚Äôt apologize 1000 times.ü§£ü§£ü§£‚Ä¶ https://t.co/upYlGLYdA3",2021-04-14 16:34:24,North Carolina,Cumberland County,Fayetteville
1382368865892569093,Got my second jab of Pfizer.  Thanks Missouri Air National Guard for your efficiency today in Monroe City. #Vaxxed #Covid19,2021-04-14 16:23:15,Missouri,None,None
1382365664074108928,2nd vaccine shot done and done. #28dayslater #covidvacccineüíâ #teammoderna #trackingchipinstalled #vaxxedüíâ @ Minneap‚Ä¶ https://t.co/kYa4CGzAZg,2021-04-14 16:10:32,Minnesota,Hennepin County,Minneapolis
1382361920968265732,"After receiving my second vaccine dose on Monday, I can say that having fatigue and a headache for less than 24 hou‚Ä¶ https://t.co/MmFOBj2kNM",2021-04-14 15:55:39,Michigan,Ingham County,Lansing
1382360612488024072,"Curious where FinTwit is on getting #vaxxed 

If you rec'd JNJ, choose ""Yes, both""",2021-04-14 15:50:27,Illinois,Cook County,Chicago
1382352844695744512,The woman directing me to the shot area was like ‚ÄúYou‚Äôre holding that card up so proudly!‚Äù And I was like ‚ÄúI‚ÄôM SO E‚Ä¶ https://t.co/8Bgcp7V9Vo,2021-04-14 15:19:35,District of Columbia,District of Columbia,Washington
1382350470358908934,"@ThenaEliot Got my second phizer shot yesterday... 
Congratulations!!
#Vaxxed",2021-04-14 15:10:09,Florida,Pinellas County,Dunedin
1382305423668088832,@JasonCarr Also #vaxxed. Also #TeamPfizer. Let‚Äôs go see Adam‚Äôs puppies!,2021-04-14 12:11:09,Arizona,Maricopa County,Phoenix
1382119348823863299,After desperately trying to get my free krispy kreme #VAXXED https://t.co/m78OLXNats,2021-04-13 23:51:45,Michigan,Wayne County,Detroit
1382113994123710468,"I got my #CovidVaccine shot #2 of #Pfizer today @javitscenter #VAXXED #VaxUpNYC #NYC 
Just flashin' my passport so‚Ä¶ https://t.co/kzxkBw95WW",2021-04-13 23:30:29,New York,None,None
1382098824412401666,"I have joined the Bill Gates microchip club üíâ 

This is my obligatory social media post. 

#vaxxed #waxed #PfizerGang #hotgirlsummer",2021-04-13 22:30:12,Minnesota,Hennepin County,Minneapolis
1382098117168877571,"@Lukewearechange I knew too! Red-pilled on 9/11. 
#SayNoToBillGates #VAXXED #Agenda2030 #NWO",2021-04-13 22:27:23,Louisiana,Iberia Parish,New Iberia
1382083842090094596,also ya boy is officially 100% #vaxxed as of today LFG,2021-04-13 21:30:40,Massachusetts,Norfolk County,Randolph
1382074277617311747,"I don't remember what we used to do, but I got that 2nd dose this morning, so I'm almost ready to get back out ther‚Ä¶ https://t.co/oX3bSEUD5U",2021-04-13 20:52:40,Arizona,None,None
1382074260550610946,Our circle of friends and acquaintances have had good experiences getting vaccinated and happy they are #vaxxed.  T‚Ä¶ https://t.co/whwYLllWp4,2021-04-13 20:52:36,California,Los Angeles County,Los Angeles
1382072653826162694,"Super blessed to have the best Dr &amp; staff do my Covid Vaxx &amp; truly blessed to be able to get it! 
*They have appts‚Ä¶ https://t.co/BTPqknYh85",2021-04-13 20:46:12,None,None,None
1382071500841357313,"Got #VAXXED today! 1 of 2...  
Thank you @Walmart &amp; pharmacy staff - for uninsured rural folks, #ThisIsTheWay
Thank‚Ä¶ https://t.co/9xIo00UV1U",2021-04-13 20:41:38,Texas,None,None
1382068467122245640,"#vaxxed second dose, thanks to all the scientists and volunteers that made this possible. Keep moving forward.",2021-04-13 20:29:34,Wisconsin,None,None
1382068160908644353,Got my shot! #VAXXED #VaxUp https://t.co/Hbpz8Wj9fz,2021-04-13 20:28:21,Pennsylvania,Philadelphia County,Philadelphia
1382063293418897409,"I'm officially a hugger until further notice. #DernaGang #DernaGang #DernaGang #HouseModerna #vaxxedüíâ @ Long Beach,‚Ä¶ https://t.co/K3YArqK08U",2021-04-13 20:09:01,California,Los Angeles County,Long Beach
1382045359153819650,Obligatory post vaccination pic #VAXXED https://t.co/45uQ26knrx,2021-04-13 18:57:45,District of Columbia,District of Columbia,Washington
1382035656671645696,#vaxxed boutta b on some animorph shit,2021-04-13 18:19:12,Texas,Harris County,Houston
1382033537507938304,Our portfolio company @JoinDrop is offering up to $50 in cash rewards when you snap a selfie while getting vaccinat‚Ä¶ https://t.co/7z5OXstIpq,2021-04-13 18:10:46,California,San Mateo County,San Mateo
1382011495484174345,@hankgreen I did not survive the plague of the 20th century to be taken down by the plague of the 21st. #vaxxed‚Ä¶ https://t.co/BYwurOur4c,2021-04-13 16:43:11,None,None,None
1382001922660577285,I told a friend I was getting #vaxxed soon and she was so shocked. I am one holistic bih and been this way since bi‚Ä¶ https://t.co/fXrO39Xxmf,2021-04-13 16:05:09,District of Columbia,District of Columbia,Washington
1381977515724529671,"If you're considering selling $JNJ on news that their #CovidVaccine causes deadly blood clotting, why? The governme‚Ä¶ https://t.co/7uoID26Uhe",2021-04-13 14:28:10,Texas,None,None
1381976975661797379,Gonna give this Zombie / Mark of the Beast thing another try. Hopefully I can at least turn into a Decepticon or Th‚Ä¶ https://t.co/87GcQyjNi5,2021-04-13 14:26:01,Texas,Travis County,Austin
1381976369911980032,"all pfizered up.

#vaccinationdone‚úîÔ∏è #twooftwo #vaxxedüíâ #vax #vaccine #vaccinessavelives #fuckcovid19 #pandemiclife‚Ä¶ https://t.co/Vhfefb7vdA",2021-04-13 14:23:37,Massachusetts,Middlesex County,Arlington
1381971534915330056,I for one am SHOCKED that the FDA and CDC have discovered that Johnson and Johnson's #COVID19 vaccine has deadly si‚Ä¶ https://t.co/97tnGunNS5,2021-04-13 14:04:24,Texas,None,None
1381969214924197888,"""WEAR YOUR MASK! GET #VAXXED!!!""
SCREW YOU 
https://t.co/5y96tBmbfK",2021-04-13 13:55:11,None,None,None
1381903619960737793,"Good morning New York. 
I did the thing. Thank you Citi Field! #GoMets

#Vaxxed https://t.co/5WTPdlyR3f",2021-04-13 09:34:32,New York,Queens County,Astoria
1381831617967177728,So true. I can't wait for my second one. Let's get it over with. üíâ#Vaxxed https://t.co/aCCOMhKMQe,2021-04-13 04:48:25,Texas,Dallas County,Dallas
1381813326716534788,Got first dose last week :)  #VAXXED,2021-04-13 03:35:44,Virginia,Charlottesville City,Charlottesville
1381811673439203332,I‚Äôm fully vaxxed. #VaxXed #CovidVaccine #vaccinated https://t.co/y3lQqmIsgu,2021-04-13 03:29:10,None,None,None
1381806666941927424,"All in a days work.
#VAXXED #MaskedUp #Rollin https://t.co/g7c2FsynYR",2021-04-13 03:09:16,New Jersey,None,None
1381805639903686658,"Haven't posted in a while, got the second Moderna shot Saturday, drained the everlasting fuck out of me...

#VAXXED‚Ä¶ https://t.co/WSwQDh8tP0",2021-04-13 03:05:11,Louisiana,East Baton Rouge Parish,Baton Rouge
1381763849796296707,@Sloths7777 Totally #VaxXed &amp; #vaccinated. https://t.co/Cx8tQ3kv6p,2021-04-13 00:19:08,Oregon,None,None
1381760541220294664,Thoughts on Matte Swimwear?  Getting ready for a #VAXXED summer!,2021-04-13 00:05:59,New York,New York County,New York
1381751438372704256,@svedkadani @CaucasianJames @homorocallis @lavendrlatte @flowergal666 yes please omg!!! hit me up when ur #vaxxed,2021-04-12 23:29:49,Massachusetts,Suffolk County,Boston
1381749410204327939,"Got that shot üíâüíâüíâ, come at me world #JnJ #Jab #vaxxed",2021-04-12 23:21:45,California,None,None
1381747216914735105,"@SRuhle Couple things:

‚Äîgun; and 
‚Äîshow

Important that strong/smart/aspirational people (e.g., S. Ruhle) post the‚Ä¶ https://t.co/vWRiyi69Lc",2021-04-12 23:13:02,New York,New York County,New York
1381743353893638149,I got the 2nd jab! #VaccinateNY #vaxxed #vaxxer #COVID19 https://t.co/QY5yZAXaXQ,2021-04-12 22:57:41,New York,None,None
1381731297094115329,Looking forward to getting back to #Live #Music #Vaccinated #Vaxxed #LetsDoThis üí™üèªüé∂‚ù§Ô∏è https://t.co/sKqBoKB8Eq,2021-04-12 22:09:47,Louisiana,East Baton Rouge Parish,Baton Rouge
1381730836341473287,@scbrayjr @Starbucks Here‚Äôs to getting back to work!! We need music to survive üôè #GetVaccinated #Vaxxed üëç https://t.co/6yXcKUFFFK,2021-04-12 22:07:57,Louisiana,East Baton Rouge Parish,Baton Rouge
1381726620814282754,"2nd Pfizer shot has given me body aches, chills and a general ice feeling, but no fever. Injection arm hurts like a ü§¨ tho. #VAXXED",2021-04-12 21:51:12,Missouri,St Louis City,St Louis
1381726049990496259,So far my 5G signal strength isn‚Äôt nearly what I hoped for. #VAXXED,2021-04-12 21:48:56,New York,Onondaga County,Syracuse
1381716293032742913,"@RadioGuyChris I'm glad I'm on #teammoderna with @TheRealTBone &amp; @StephMillerShow  after reading this!
Seriously,‚Ä¶ https://t.co/8H2TUeqKQJ",2021-04-12 21:10:09,North Carolina,None,None
1381690557945278468,#2 and dunzo! #vaccinationdone‚úîÔ∏è #expocenter #vaxxedüíâ @ Stormont Vail Events Center https://t.co/FAuY1ZP1r1,2021-04-12 19:27:54,Kansas,Shawnee County,Topeka
1381686365356707848,Heeeee's starting Stream! Let's hang out before we get #VAXXED tomorrow! @CozyGrove time on the Switch! Come see th‚Ä¶ https://t.co/cm9dw8nU0z,2021-04-12 19:11:14,None,None,None
1381684262294917122,"#VAXXED and ready to be released back into the wild. Until we meet again, #pandemica #CovidVaccine #dystopia https://t.co/p48Yhx0WUs",2021-04-12 19:02:53,New York,None,None
1381671995675394054,"Your boy is juiced up, and ready for summer 2021 #Vaxxed",2021-04-12 18:14:08,Illinois,Cook County,Chicago
1384651782312235010,"Listen to Brittany Spears and Dr. McFroggy, go get them shots...#Brittany #covid_19 #vaxxedüíâ https://t.co/rAjYLmuOlL",2021-04-20 23:34:45,Georgia,Fulton County,Atlanta
